Previous,Current,N
draw dober,ufc fight night   muñoz vs   mousasi,16
gegard mousasi,ufc fight night   muñoz vs   mousasi,34
krzysztof jotko,ufc fight night   muñoz vs   mousasi,15
mark mu   oz,ufc fight night   muñoz vs   mousasi,36
ruslan magomedov,ufc fight night   muñoz vs   mousasi,12
list ufc event,ufc fight night   muñoz vs   mousasi,43
low township   new jersey,owen coachman house,16
rixos hotel,truskavet,15
lviv oblast,truskavet,19
french base creole language,français tirailleur,45
african french,français tirailleur,29
pawnee rock   kansas,pawnee rock,30
rage live,sarah marshall   american stage actress,15
zak crawley,kent county cricket club 2013,18
bunting   bird,godlewski s bunting,37
dolphin   film,diphan,34
anandavally,diphan,24
king maker leader,diphan,15
sim   film,diphan,14
sathya   2017 malayalam film,diphan,28
jeanine tesori,tazewell thompson,15
mount hope   hamilton   ontario,glanbrook   hamilton   ontario,34
list political party netherland,senate   netherland,20
electoral college,senate   netherland,13
democrats 66,senate   netherland,28
2019 dutch provincial election,senate   netherland,20
malaysia airline flight 17,senate   netherland,30
mary   princess royal princess orange,senate   netherland,54
politic netherland,senate   netherland,34
bicameralism,senate   netherland,49
party future,senate   netherland,22
forum democracy,senate   netherland,35
christian democratic appeal,senate   netherland,15
netherland,senate   netherland,20
tiny kox,senate   netherland,32
senate,senate   netherland,15
independent senate group,senate   netherland,20
state general netherland,senate   netherland,13
denk   political party,senate   netherland,13
genevi   ve bujold,senate   netherland,18
keith carradine,choose,64
alan rudolph,choose,20
la ronde   play,choose,14
syracuse university,choose,34
big conference,college rowing   united state,15
ncaa division row championship,college rowing   united state,20
row,college rowing   united state,20
row   sport,college rowing   united state,13
eastern association rowing college,college rowing   united state,30
mary stella edwards,college rowing   united state,49
buck mill,judith ackland,15
international booker prize,javier cercas,35
harvey girl forever,javier cercas,24
list phinea ferb guest star,aliki theofilopoulos grafft,23
list phinea ferb episode,aliki theofilopoulos grafft,43
descendant   wicked world,aliki theofilopoulos grafft,46
tongue,aliki theofilopoulos grafft,13
list critically endanger bird,vertical muscle tongue,15
tongue splitting,rio de janeiro antwren,17
list people know extensive body modification,lizardman   performer,13
body suit   tattoo,lizardman   performer,62
  2019 film,erika alexander,16
love liza,erika alexander,30
denise huxtable,erika alexander,22
long walk home,erika alexander,32
go extreme   tv series,erika alexander,27
list american film actress,erika alexander,14
list people arizona,erika alexander,64
mama flora s family,erika alexander,12
philadelphia high school girl,erika alexander,27
man stand   american tv series,erika alexander,60
bosch   tv series,erika alexander,30
live single,erika alexander,25
black lightning   tv series,erika alexander,52
d   j    vu   2006 film,erika alexander,16
story   house,erika alexander,16
terri j   vaughn,erika alexander,18
tisha campbell,erika alexander,47
list bosch episode,erika alexander,33
elsa    fred   2014 film,erika alexander,30
cosby,erika alexander,25
2016 democratic national convention,erika alexander,15
list man stand character,erika alexander,32
say   say   film,erika alexander,42
main page,erika alexander,14
talluri rameshwari,robert black,23
mothra vs   godzilla,sharda,17
ghidorah   headed monster,yuriko hoshi,54
sunjo joseon,yuriko hoshi,18
kim taek soo,kim jo sun,12
old cummer station,kim jo sun,23
maccabee los angele,langstaff station,12
list newspaper philippine,meir segal,15
list newspaper publish metro manila,people s journal,49
pepsi paloma,people s journal,13
manila standard,people s journal,39
list animate feature film 2019,people s journal,16
porno graffitti,detective conan   fist blue sapphire,60
list 2019 box office number film japan,detective conan   fist blue sapphire,41
